attraction,bus_stations
The Belfast Titanic Tour -  Finn McCools Tours,"[271, 273, 291, 293, 297, 298, 299, 300, 301, 302, 303, 313, 315, 317, 318, 319, 320, 325, 326, 328, 329, 333, 334, 335, 336, 337, 339, 340, 342, 345, 346, 347, 349, 1278, 1359, 4494, 4495, 4521, 4522, 4720, 5192, 6207, 7392, 7568, 7591]"
Cliffs of Moher - Finn McCools Tours,"[2, 3, 265, 270, 271, 272, 274, 277, 278, 279, 281, 621, 4508, 4724, 4725, 6004, 6059, 6071, 7596]"
Macau Casino Club,"[1282, 1283, 1354, 1355, 1357, 4456, 7578]"
Patrick Donald Photography Gallery,"[403, 404, 405, 406, 746, 747, 790, 791, 792, 793, 4530, 5034, 7576]"
DoDublin Tours – Live German Tour,"[2, 3, 270, 271, 272, 274, 277, 278, 279, 281, 4508, 4724, 4725, 6004, 6059, 6071]"
Carr Golf Travel,[]
Barnageara Beach,"[3805, 3814]"
Bull Island,[]
High Schools International,"[410, 411, 491, 492, 493]"
Dalkey Castle & Heritage Centre,"[3056, 3057, 3058, 3059]"
Dublin Castle,"[312, 1282, 1283, 1357, 1443, 1934, 1935, 2002, 2003, 2310, 2912, 7578]"
Dublin City Hall,"[312, 1282, 1283, 1357, 1358, 1443, 1479, 1934, 1935, 2002, 2003, 2310, 2912, 7578, 7581]"
Budget Car Rental,"[3665, 7347, 7348, 7401]"
Malahide Castle and Howth Tour - DoDublin,"[2, 3, 270, 271, 272, 274, 277, 278, 279, 281, 4508, 4724, 4725, 6004, 6059, 6071]"
Ireland's Blue Book,"[749, 750, 783, 784, 785]"
Independent Holiday Hostels of Ireland,"[521, 522, 614, 615, 1484, 1485, 1499]"
An Oige Irish Youth Hostel Association,"[11, 12, 52, 191, 192, 194, 818, 819]"
Aircoach,"[3665, 7347, 7348, 7401]"
Ardgillan Demesne,[]
Kaplan International College Dublin,"[312, 1443, 1478, 1479, 1480, 1934, 1935, 2002, 2003, 2310, 2912]"
Centre of English Studies,"[312, 329, 1278, 1279, 1282, 1283, 1357, 1358, 1359, 1934, 2912, 4521, 4522, 7578, 7581, 7582]"
Civic Theatre,"[4340, 4342, 4344, 4348, 4640, 4646, 4647, 5008, 7181, 7214]"
Contemporary Music Centre,"[312, 1443, 1444, 1478, 1479, 1480, 1934, 1935, 1937, 2001, 2002, 2003, 2310, 2385, 2912]"
Dublin Mini Coaches & Chauffeur Drive,"[2782, 2785]"
Dualway Coaches,[]
Dublin Garden Group,"[431, 432, 466, 467]"
Dublin Literary Pub Crawl,"[317, 318, 319, 320, 328, 329, 337, 347, 349, 403, 792, 793, 1278, 1279, 1357, 1358, 1359, 4521, 4522, 5192, 7392, 7576, 7581, 7582]"
Dublin Zoo,[]
Dublinia,"[1443, 1444, 1478, 1935, 1937, 2001, 2002, 2003, 2310, 2385]"
Eirebus Ltd,"[7342, 7343]"
Emerald Cultural Institute,"[893, 896, 897]"
Enterprise Rent-A-Car,"[1981, 1957, 1958, 1980, 6141, 6144]"
Gate Theatre,"[2, 3, 4, 6, 7, 10, 260, 261, 262, 263, 264, 265, 270, 272, 277, 278, 281, 4508, 4724, 4725, 4726, 6004, 6071]"
Hidden Ireland,"[979, 980, 985, 987, 1514, 1529, 1591, 4592, 4938, 7474]"
International House Dublin,"[1074, 1285, 1286, 1287, 1350, 1352, 1353, 7577]"
The Horner School Of English,"[749, 750, 751, 783, 784, 785, 7391]"
The Gaiety Theatre,"[1282, 1283, 1355, 4456, 5034]"
Irish Education Partners,"[288, 289, 291, 292, 293, 297, 298, 299, 300, 301, 302, 303, 407, 496, 497, 620, 621, 1171, 1172, 1184, 1500, 2498, 4380, 4415, 4717, 7402, 7568, 7591, 7596]"
Irish Jewish Museum,"[1287, 1288, 1289, 1349, 1350]"
Irish Welcome Tours,"[449, 450, 3182, 3183, 4848]"
Irish College of English,"[3585, 3586, 3624, 3625, 3633, 3634, 4387]"
The James Joyce Centre,"[260, 261, 262, 263, 264, 265, 1173, 1174, 1505, 4508, 4513, 4725, 4726, 6004, 6071]"
Croke Park Stadium,[]
Kilmainham Gaol,"[1375, 1376, 1945, 1992, 2640, 2721, 2722]"
Language Learning International,"[3047, 3068, 3069, 3202, 3240]"
Leopardstown Racecourse,[]
The Linguaviva Centre,"[786, 846, 847, 908, 909]"
Malahide Marina Village Ltd,[]
Dollar Thrifty Car Rental,[]
Marsh's Library,"[2311, 2383, 2386, 5097]"
Abbey Theatre,"[271, 273, 279, 288, 289, 291, 292, 293, 297, 298, 299, 300, 301, 302, 303, 317, 318, 325, 333, 334, 335, 336, 339, 340, 407, 621, 1171, 4494, 4495, 6059, 6207, 7564, 7568, 7591, 7596]"
National Concert Hall,"[786, 845, 1013, 1014, 1015, 6074]"
National Gallery of Ireland,"[405, 408, 494, 746, 747, 2809, 2810, 2811, 2905, 4530, 7385, 7387, 7390, 7391, 7585, 7586, 7612]"
National Photographic Archive,"[312, 313, 315, 329, 1278, 1279, 1357, 1358, 1359, 1443, 1479, 1934, 1935, 2003, 2912, 7581, 7582]"
National Print Museum,"[412, 413, 488, 489, 490]"
Olympia Theatre,"[312, 1279, 1282, 1283, 1357, 1358, 1443, 1479, 1934, 1935, 2002, 2003, 2912, 7578, 7581, 7582]"
Black Church Print Studio,"[312, 313, 315, 326, 328, 329, 1278, 1279, 1358, 1359, 1934, 2912, 4521, 4522, 4720, 7392, 7581, 7582]"
Pavilion Theatre,"[2037, 2038, 2039, 2040, 3046, 3070, 4983]"
Royal Hibernian Academy,"[748, 749, 785, 786, 790, 791, 842, 843, 844, 845, 1013, 1014, 6074]"
St Patrick's Cathedral,"[2311, 2312, 2383, 2386, 5097, 5099, 7413]"
Stena Line,[]
The Sugar Club,"[786, 842, 843, 844, 845, 846, 1013, 1014, 6074]"
Temple Bar Cultural Trust and Temple Bar Cultural Information Centre,"[312, 329, 1279, 1358, 1443, 1479, 1934, 1935, 2002, 2003, 2912, 7581, 7582]"
Temple Bar Gallery and Studios,"[312, 313, 315, 319, 320, 325, 326, 328, 329, 1278, 1279, 1358, 1359, 1934, 2912, 4521, 4522, 4720, 7392, 7581, 7582]"
Ambassador Theatre,"[2, 3, 4, 6, 7, 10, 260, 261, 262, 263, 264, 265, 270, 272, 274, 277, 278, 281, 4508, 4724, 4725, 4726, 6004, 6071]"
Peacock Theatre,"[271, 273, 279, 288, 289, 291, 292, 293, 297, 298, 299, 300, 301, 302, 303, 317, 318, 325, 333, 334, 335, 336, 339, 340, 407, 621, 1171, 4494, 4495, 6059, 6207, 7564, 7568, 7591, 7596]"
The Spire,"[2, 3, 265, 270, 271, 272, 274, 277, 278, 279, 281, 621, 4508, 4724, 4725, 6004, 6059, 6071, 7596]"
Garden of Remembrance,"[2, 3, 4, 6, 7, 10, 260, 261, 262, 263, 264, 265, 819, 4725, 4726, 6004, 6071]"
General Post Office,"[270, 271, 272, 273, 274, 277, 278, 279, 281, 289, 291, 293, 297, 313, 315, 325, 4724, 6059, 6207, 7591]"
Ha'penny Bridge,"[312, 313, 315, 317, 318, 319, 320, 325, 326, 328, 329, 1278, 1279, 1358, 1359, 1934, 4521, 4522, 4720, 7392, 7581, 7582]"
Merrion Square,"[408, 409, 493, 749, 750, 784, 785, 2810, 2811, 2905, 7385, 7387, 7390, 7391, 7612]"
Mansion House,"[403, 404, 405, 406, 746, 747, 748, 790, 791, 792, 793, 4530, 5034, 7576]"
Leinster House,"[405, 406, 408, 494, 746, 747, 748, 790, 791, 842, 2810, 2811, 2905, 4530, 5034, 7385, 7387, 7390, 7585, 7586, 7612]"
Iveagh Gardens,"[1013, 1014, 1074, 6074]"
St Ann's Church,"[403, 404, 405, 406, 746, 747, 790, 791, 792, 793, 4530, 5034, 7576]"
St. Audoen's Church,"[1444, 1478, 1480, 1937, 1938, 1999, 2001, 2002, 2310, 2385]"
War Memorial Gardens,"[1365, 1366, 1367, 1380, 1381, 1382, 1406, 2094, 2190, 4434]"
St. Mary's Pro Cathedral,"[270, 271, 272, 274, 277, 278, 279, 281, 289, 291, 293, 621, 1172, 4508, 4724, 4725, 6004, 6059, 6071, 7402, 7591, 7596]"
Christ Church Cathedral,"[1443, 1444, 1478, 1480, 1935, 1937, 2001, 2002, 2003, 2310, 2385, 2912]"
Dublin Writers Museum,"[2, 3, 4, 6, 7, 10, 12, 52, 260, 261, 262, 263, 264, 265, 819, 4726, 6004, 6071]"
Croke Park Stadium Tour and GAA Museum,[]
National Botanic Gardens,"[151, 183]"
James Joyce Museum,[]
Pearse Museum and St. Enda's Park,"[2966, 2991, 2992, 7068, 7447, 7448]"
Phoenix Park Visitor Centre and Ashtown Castle,[]
Rathfarnham Castle,"[1303, 1304, 1305, 1330, 1331, 2919, 2947, 5129]"
Skerries Mills,[]
St Anne's Park and Rose Gardens,"[1750, 1758, 1794, 7469]"
Blessington Street Basin (Dublin's Secret Garden),"[189, 191, 192, 194, 196, 795, 817, 818, 819]"
Phoenix Park,[]
Marlay Park,[]
Abbey Ireland & UK,"[1444, 1445, 1478, 1938, 1998, 1999, 2001, 7453]"
Buff Day Spa,"[790, 792, 1283, 4456, 5034]"
The Helix,"[1605, 1644, 1646, 7571]"
AquaZone at  the National Aquatic Centre,"[1818, 1836, 1838, 4974, 6274]"
Áras an Uachtaráin,"[1658, 1705, 4458]"
Alpha College of English,"[11, 12, 52, 260, 261, 262, 263, 264, 265, 1174, 1505, 4726, 6004, 6071]"
Farmleigh House,[]
Government Buildings,"[494, 746, 747, 748, 749, 785, 790, 791, 842, 844, 2810, 2811, 2905, 4530, 7385, 7387, 7390, 7391, 7585, 7586]"
St. Stephen's Green,"[790, 791, 5034]"
EF International Language Schools,"[785, 786, 845, 846, 909]"
Famine Memorial,"[350, 407, 496, 497, 2498, 2499, 4415, 4717, 6252]"
The Greenhouse,"[320, 1278, 1279, 1282, 1283, 1357, 1358, 1359, 1934, 4521, 4522, 7576, 7578, 7581, 7582]"
Whelan's,"[1284, 1285, 1352, 1353, 1354, 7579]"
The Village,"[1284, 1285, 1352, 1353, 1354, 7579]"
National Basketball Arena,[]
National Library of Ireland,"[403, 404, 405, 406, 494, 746, 747, 792, 793, 2810, 2811, 2905, 4530, 7576, 7585, 7586, 7612]"
Leisureplex Stillorgan,"[7584, 2012, 2066, 3321, 4571, 4637, 4727]"
Shackleton Outdoor Education Centre,"[969, 1254, 4383, 4698]"
Leisureplex Blanchardstown,[7026]
Airfield Estate,"[2872, 2873, 2886, 2887]"
Blackrock Park,"[428, 470, 471]"
Brickfield Park,"[2095, 2096, 2097, 2187, 2188]"
Bushy Park,[1159]
Eamonn Ceannt Park,"[1388, 1403]"
Fairview Park,"[521, 522, 614, 615]"
Griffith Park,[]
Sean Walsh Memorial Park,"[4341, 4344]"
Tolka Valley Park,"[661, 1545, 2960]"
Bernard Fagan Horse Drawn Carriages,"[1615, 1616, 1617, 1618]"
Clondalkin Sports And Leisure Centre,[]
Leisureplex Coolock,"[633, 964, 1003, 1201, 1202, 1272, 1273]"
Howth Yacht Club Marina,"[558, 559, 576, 577]"
Framework Gallery,"[3047, 3048, 3067, 3068, 3069, 3202, 3240]"
Green Gallery,"[1283, 1354, 1355, 4456, 5034]"
Green On Red Gallery,"[2260, 6251, 7614]"
Guinness Gallery,"[3269, 3270, 3293, 3294]"
Oriel Gallery,"[408, 409, 494, 495, 2809, 2810, 2811, 2905, 4530, 7385, 7387, 7390, 7391, 7585, 7586, 7612]"
Origin Gallery,"[749, 750, 751, 783, 784, 785, 7391]"
Original Print Gallery,"[312, 313, 315, 326, 328, 329, 1278, 1279, 1358, 1359, 1934, 2912, 4521, 4522, 4720, 7392, 7581, 7582]"
Project Arts Centre,"[312, 1357, 1358, 1443, 1479, 1934, 1935, 2002, 2003, 2912, 7581, 7582]"
Portrane Beach,"[3728, 3729, 3734, 3735]"
From Norsemen To Normans Historical Walking Tour,[1479]
James Joyce Walking Tour,"[260, 261, 262, 263, 264, 265, 1173, 1174, 1505, 4508, 4513, 4725, 4726, 6004, 6071]"
Coolock Swimming Pool,"[968, 969, 997, 1252, 1253, 1254, 4383, 4698]"
Rathmines Swimming Pool,"[1019, 1020, 1069, 1070, 1076]"
West Wood Clubs,"[523, 525, 613, 668, 1739, 1740]"
Dun Laoghaire Rathdown Heritage Society,"[2037, 2040, 3046, 3047, 3068, 3069, 3070, 4983]"
Berlitz Language Centre,"[399, 408, 409, 493, 494, 495, 2809, 2810, 2811, 2905, 7385, 7387, 7390, 7391, 7585, 7586, 7612]"
DCU Language Services  -Dublin City University,"[1644, 1646, 7571]"
International Language Services,"[2112, 2160, 2161, 2172, 4673]"
Swan Training Institute,"[403, 404, 405, 406, 792, 793, 1278, 1279, 1358, 1359, 4521, 4522, 5034, 7576, 7582]"
ULearn English School Dublin,"[1284, 1285, 1352, 1353, 7579]"
Irish Language Courses,"[1284, 1353, 1354, 7579]"
Ireland The Living Heritage,"[842, 843, 844, 845, 1013, 1014, 6074]"
Des Carty Traditional Music School,"[4878, 4880]"
Bodhrán & Tin Whistle Tasters,"[1278, 1279, 1282, 1283, 1355, 1357, 1358, 1359, 1934, 1935, 2003, 2912, 7578, 7581, 7582]"
Young European Strings School Of Music Faculty Of Teachers,[]
National College Of Art And Design,"[403, 404, 405, 406, 408, 494, 746, 747, 748, 2810, 2811, 2905, 4530, 7385, 7387, 7390, 7585, 7586, 7612]"
Knockcree Gardens,"[3277, 7324]"
Rathmichael Lodge,[]
The Dillon Garden,"[853, 854, 884, 885, 886]"
Marlay Demesne,"[2967, 2968, 2980, 2981]"
Chester Beatty,"[1282, 1283, 1355, 1357, 1934, 1935, 2002, 2003, 2310, 2912, 4456, 7578]"
Pearse Street Library,"[351, 352, 397, 398, 399]"
Dublin City Archives,"[351, 352, 397, 398, 399]"
Royal Irish Academy,"[403, 404, 405, 406, 746, 747, 790, 791, 792, 793, 4530, 5034, 7576]"
The Irish Architectural Archive,"[409, 410, 492, 493, 749, 750, 784, 7385, 7387, 7390, 7391]"
James Joyce House of the Dead,"[1476, 1647, 1715, 4407, 7453]"
Ardgillan Castle and Victorian Gardens,[]
Bullock Castle,"[3053, 3054, 3061, 3062, 6101, 7511]"
Findlater Church,"[2, 3, 4, 6, 7, 10, 11, 12, 52, 260, 261, 262, 263, 264, 265, 819, 4726, 6004]"
Freemasons Hall,"[403, 404, 405, 406, 494, 746, 747, 748, 790, 791, 792, 793, 2905, 4530, 5034, 7576, 7585, 7586]"
Kings Inns,"[190, 191, 194, 195, 1614, 1618, 1619]"
Malahide Castle and Gardens,[]
Newbridge House & Farm,[]
Eighty Two Merrion Square,"[408, 409, 493, 494, 746, 747, 748, 749, 785, 2810, 2811, 2905, 4530, 7385, 7387, 7390, 7391, 7612]"
O'Connell Bridge,"[271, 273, 289, 291, 293, 297, 298, 299, 300, 301, 302, 303, 313, 315, 317, 318, 319, 320, 325, 326, 328, 329, 333, 334, 335, 336, 337, 339, 340, 342, 345, 346, 347, 349, 4494, 4495, 4720, 5192, 6207, 7392, 7568, 7591]"
Jameson Distillery Bow St.,"[1615, 1616, 1617, 7453]"
Adelaide Road Presbyterian Church,"[1015, 2812, 2903]"
Royal Hospital Kilmainham,"[1943, 1994]"
Swords Castle,"[3679, 3689, 3711, 3751, 5075, 5078, 7114, 7594]"
The Four Courts,"[1443, 1444, 1478, 1479, 1480, 1615, 1616, 2001]"
Tours Of The Government Buildings,"[746, 747, 748, 749, 785, 790, 791, 842, 843, 844, 2811, 2905, 4530, 7385, 7387, 7390, 7391]"
Geological Museum,"[313, 315, 317, 318, 319, 320, 325, 326, 328, 329, 337, 347, 349, 1278, 1279, 1358, 1359, 1934, 4521, 4522, 4720, 5192, 7392, 7576, 7581, 7582]"
National Transport Museum of Ireland,[580]
Arthur Griffith,"[405, 406, 408, 494, 746, 747, 748, 790, 791, 842, 2810, 2811, 2905, 4530, 5034, 7385, 7387, 7390, 7585, 7586, 7612]"
Arthur Wellesley Duke Of Wellington,"[1450, 1451, 1472, 4408]"
Charles Stewart Parnell,"[2, 3, 4, 6, 7, 10, 260, 261, 262, 263, 264, 265, 272, 278, 1505, 4508, 4513, 4725, 4726, 6004, 6071]"
Edmund Burke,"[313, 315, 317, 318, 319, 320, 325, 326, 328, 329, 337, 347, 349, 1278, 1279, 1358, 1359, 1934, 4521, 4522, 4720, 5192, 7392, 7576, 7581, 7582]"
Henry Grattan,"[313, 315, 317, 318, 319, 320, 325, 326, 328, 329, 336, 337, 342, 347, 349, 793, 1278, 1279, 1358, 1359, 4521, 4522, 4720, 5192, 7392, 7576, 7581, 7582]"
James Clarence Mangan,"[790, 791, 842, 843, 844, 5034]"
James Larkin,"[270, 271, 272, 273, 274, 277, 278, 279, 281, 288, 289, 291, 293, 297, 298, 299, 300, 301, 302, 303, 313, 315, 325, 326, 333, 339, 621, 4494, 4720, 4724, 6059, 6207, 7392, 7568, 7591]"
Jeremiah O'Donovan Rossa,"[790, 791, 842, 843, 844, 5034]"
Sphere With Sphere,"[313, 315, 317, 318, 319, 320, 325, 326, 328, 329, 337, 347, 349, 1278, 1279, 1358, 1359, 1934, 4521, 4522, 4720, 5192, 7392, 7576, 7581, 7582]"
William Smith O'Brien Monument,"[270, 271, 273, 274, 277, 279, 281, 288, 289, 291, 292, 293, 297, 298, 299, 300, 301, 302, 303, 313, 315, 317, 318, 319, 325, 326, 328, 329, 333, 334, 335, 336, 339, 621, 4494, 4720, 4724, 6059, 6207, 7392, 7568, 7591]"
Swords Round Tower,"[3679, 3689, 3690, 3691, 7594]"
Wood Quay,"[319, 320, 349, 792, 793, 1278, 1279, 1282, 1357, 1358, 1359, 4521, 4522, 7576, 7578, 7581, 7582]"
Arbour Hill Cemetery,"[1648, 1649, 1712, 1713]"
Lusk Round Tower,"[3763, 3764, 3854]"
Angling Broad Meadow Water,"[3764, 3765, 3853, 3854]"
Angling Tolka River,"[1573, 1587, 1599, 1600, 1601, 1604, 4539]"
Fourknocks,[]
St. Catherine's Church,"[1938, 1939, 1997, 1998]"
St Doulagh's Church,"[1208, 1209, 1213, 1214, 1215]"
The Black Church,"[319, 320, 349, 792, 793, 1278, 1279, 1282, 1357, 1358, 1359, 4521, 4522, 7576, 7578, 7581, 7582]"
St. Kevin's Oratory,"[270, 271, 272, 274, 277, 278, 279, 281, 289, 291, 293, 621, 1172, 4508, 4724, 4725, 6004, 6059, 6071, 7402, 7591, 7596]"
St. Werburgh's Church,"[1443, 1934, 1935, 1937, 2001, 2002, 2003, 2310, 2385, 2912]"
The Mezz,"[312, 329, 1278, 1279, 1282, 1357, 1358, 1359, 1934, 1935, 2003, 2912, 4522, 7578, 7581, 7582]"
Fibber Magee's,"[2, 3, 4, 6, 7, 260, 261, 262, 263, 264, 265, 270, 272, 274, 277, 278, 279, 281, 1173, 1505, 4508, 4513, 4724, 4725, 4726, 6004, 6059, 6071]"
The Ha'Penny Laugh,"[312, 313, 315, 317, 318, 319, 320, 325, 326, 328, 329, 1278, 1279, 1358, 1359, 1934, 4521, 4522, 4720, 7392, 7581, 7582]"
Vicar Street,"[1938, 1939, 1998, 1999, 2001]"
The Academy,"[271, 273, 274, 279, 313, 315, 317, 318, 319, 325, 326, 328, 329, 333, 334, 4720, 4724, 6059, 7392]"
Balbriggan Beach,[]
Portmarnock - The Velvet Strand  Blue Flag Beach 2019,[]
Seapoint  Blue Flag Beach 2019,[]
Liffey Valley,[2214]
Daniel O'Connell - Fidelity - O'Connell Monument,"[271, 273, 279, 288, 289, 291, 293, 297, 298, 299, 300, 301, 302, 303, 313, 315, 317, 318, 319, 320, 325, 326, 328, 329, 333, 334, 335, 336, 337, 339, 340, 342, 346, 347, 349, 4494, 4495, 4720, 5192, 6059, 6207, 7392, 7568, 7591]"
Isaac Butt,"[288, 289, 291, 292, 293, 298, 299, 300, 302, 303, 407, 496, 497, 620, 621, 1171, 1172, 1184, 1500, 2498, 4380, 4415, 4717, 7402, 7568, 7591, 7596]"
James Joyce,"[270, 271, 272, 274, 277, 278, 279, 281, 288, 289, 291, 293, 297, 298, 301, 621, 4508, 4724, 4725, 6059, 6207, 7591, 7596]"
Jonathan Swift,"[273, 317, 318, 319, 320, 325, 326, 328, 329, 333, 334, 335, 336, 337, 340, 342, 345, 346, 347, 349, 403, 404, 792, 793, 1278, 1279, 1358, 1359, 4495, 4521, 4522, 4720, 5192, 7392, 7576, 7581, 7582]"
Molly Malone,"[319, 320, 328, 329, 347, 349, 792, 793, 1278, 1279, 1282, 1357, 1358, 1359, 4521, 4522, 5192, 7576, 7578, 7581, 7582]"
Oscar Wilde,"[408, 409, 493, 494, 2809, 2810, 2811, 2905, 7385, 7387, 7390, 7391, 7585, 7586, 7612]"
Patrick Kavanagh,"[319, 320, 349, 792, 793, 1278, 1279, 1282, 1357, 1358, 1359, 4521, 4522, 7576, 7578, 7581, 7582]"
Gallery of Photography,"[312, 329, 1278, 1279, 1282, 1357, 1358, 1359, 1443, 1479, 1934, 1935, 2002, 2003, 2912, 7578, 7581, 7582]"
Graphic Studio Gallery,"[312, 313, 315, 317, 318, 319, 320, 325, 326, 328, 329, 337, 349, 1278, 1279, 1358, 1359, 1934, 4521, 4522, 4720, 5192, 7392, 7581, 7582]"
Leisureplex Tallaght,"[2557, 2604, 2605, 2616, 2617]"
Howth Castle,"[555, 580]"
Irish Georgian Society,"[408, 409, 493, 494, 749, 785, 2810, 2811, 2905, 7385, 7387, 7390, 7391, 7612]"
Irish Coaches 32CC,"[271, 273, 274, 279, 288, 289, 291, 292, 293, 297, 298, 299, 300, 301, 302, 303, 313, 315, 317, 318, 319, 320, 325, 326, 328, 329, 333, 334, 335, 336, 337, 339, 340, 342, 346, 347, 349, 4494, 4495, 4720, 5192, 6059, 6207, 7392, 7568, 7591]"
ISI - Ireland International Study Institute,"[1443, 1479, 1480]"
The Gorgeous Mask Historical Walking Tour Of Dublin,[1479]
Irish Film Institute,"[312, 329, 1278, 1279, 1282, 1357, 1358, 1359, 1934, 1935, 2003, 2912, 4522, 7578, 7581, 7582]"
Donabate Beach,[]
Killiney Beach,"[2037, 2038, 2039, 2040, 2041, 3046, 3070, 4983]"
CityJet,"[3665, 7347, 7348, 7401]"
Language and Leisure International,"[3203, 3240]"
Atlas Language School,"[1016, 1017, 1072, 1286, 1287, 2812, 2903, 4528]"
Dorset College,"[14, 15, 17, 48, 49, 53, 84, 834, 835, 841, 1175]"
Dublin Cultural Institute,"[271, 273, 279, 289, 291, 293, 297, 298, 299, 300, 301, 302, 303, 313, 315, 317, 318, 319, 320, 325, 326, 328, 329, 333, 334, 335, 336, 337, 339, 347, 349, 4494, 4495, 4720, 5192, 6059, 6207, 7392, 7568, 7591]"
Dublin International Foundation College,"[1290, 1347, 1360, 1362, 1384, 1385, 2634]"
The English Academy,"[270, 271, 272, 274, 277, 278, 279, 281, 289, 291, 293, 297, 621, 4508, 4724, 4725, 6059, 6207, 7591, 7596]"
Artzone,"[2448, 2467, 2489, 2494]"
Estonian Air,"[3665, 7347, 7348, 7401]"
Irish Ferries,"[2269, 2274]"
O'Reilly Theatre,"[11, 12, 51, 52, 260, 261, 262, 263, 264, 265, 819, 1174, 4726, 4962]"
Europcar,"[3665, 7347, 7348, 7401]"
CityJet Ltd,"[3713, 3750, 4924]"
Premier Helicopters,[]
Star Air (Ireland) Ltd,[]
The Paul Kane Gallery,"[1020, 1021, 1068, 1069, 1070, 1076, 1077, 1170, 2788, 2794, 4527]"
Ireland's Eye,"[319, 320, 349, 792, 793, 1278, 1279, 1282, 1357, 1358, 1359, 4521, 4522, 7576, 7578, 7581, 7582]"
The Chocolate Warehouse,"[2419, 2431, 2452, 2453, 2462, 2463, 2334, 2377, 2454, 2461]"
Railway Preservation Society Of Ireland,"[2029, 2048, 4565, 4566, 4569]"
Bleu Note Bar & Club,[]
Dublin Airport,"[3663, 7349, 7400]"
Irelandhotels.com,"[2813, 2901, 2902]"
Authentic Ireland,"[449, 450, 3182, 3183, 4848]"
Camping Ireland,"[288, 292, 299, 300, 303, 350, 407, 496, 2498, 4717, 7564, 7568]"
Irish Cottage Holiday Homes,"[449, 450, 3182, 3183, 4848]"
Extreme Ireland Walking and Hiking Tours,"[1940, 1997]"
Pure Magic Kitesurfing,"[1725, 1726, 1753, 1754]"
Tivoli Theatre,"[1937, 1938, 1999, 2001, 2385]"
Mill Theatre,"[2826, 2827, 2841, 2842, 2865, 4486, 4586, 4587]"
Chaplins Comedy Club,"[273, 293, 297, 298, 299, 300, 301, 302, 303, 317, 318, 319, 320, 325, 326, 328, 333, 334, 335, 336, 337, 339, 340, 342, 345, 346, 347, 349, 4494, 4495, 4521, 4720, 5192, 6207, 7392, 7564, 7568, 7588]"
Dundrum Coach Hire,"[2846, 2847, 2859, 2860, 4397]"
Malahide Coaches,"[3587, 3588, 3622, 3623]"
Tour Dublin,"[271, 273, 289, 291, 293, 297, 298, 299, 300, 301, 302, 303, 313, 315, 317, 318, 319, 320, 325, 326, 328, 329, 333, 334, 335, 336, 337, 339, 340, 342, 345, 346, 347, 349, 4494, 4495, 4720, 5192, 6207, 7392, 7568, 7591]"
Clasac,[]
"Applied Language Centre, University College Dublin","[765, 767, 4391, 4952, 4953]"
"Imaginosity, Dublin Children’s Museum","[449, 3182, 3183, 4848]"
Live Jazz - Le Basement Jazz Club,"[312, 329, 1278, 1279, 1282, 1283, 1357, 1358, 1359, 1934, 2912, 4521, 4522, 7578, 7581, 7582]"
Delfin English School,"[2, 3, 4, 6, 7, 10, 260, 261, 262, 263, 264, 265, 272, 278, 281, 1505, 4508, 4513, 4725, 4726, 6004, 6071]"
Lynda Booth’s Dublin Cookery School,"[3165, 3166, 3167, 3200, 3201]"
Draiocht,[]
Hotels Ireland,"[312, 328, 329, 1278, 1279, 1282, 1283, 1357, 1358, 1359, 1934, 2912, 4521, 4522, 7578, 7581, 7582]"
Arena School of English,"[1282, 1283, 1284, 1354, 1355, 1357, 4456, 7578, 7579]"
Hidden Dublin Walks Ltd.,"[1444, 1445, 1616, 1938, 1999, 7453]"
Sandemans New Dublin Free Walking Tour,"[312, 1282, 1283, 1357, 1358, 1443, 1479, 1934, 1935, 2002, 2003, 2310, 2912, 7578, 7581, 7582]"
Excursions Ireland,"[7551, 4800, 5156]"
The Wicklow Mountains Bus Tour - Gray Line Tours,"[319, 320, 349, 792, 793, 1278, 1279, 1282, 1357, 1358, 1359, 4521, 4522, 7576, 7578, 7581, 7582]"
Walkabout Wicklow - Guided Walks and Tours in Ireland,"[2971, 2977, 5051]"
The Ireland Whiskey Trail,"[270, 271, 272, 273, 274, 277, 278, 279, 281, 288, 289, 291, 293, 297, 298, 299, 301, 302, 325, 621, 4724, 6059, 6207, 7591, 7596]"
Book of Kells & National Gallery Tour - Art Impressions,"[271, 273, 289, 291, 293, 297, 298, 299, 300, 301, 302, 303, 313, 315, 317, 318, 319, 320, 325, 326, 328, 329, 333, 334, 335, 336, 337, 339, 340, 342, 345, 346, 347, 349, 4494, 4495, 4720, 5192, 6207, 7392, 7568, 7591]"
Yeats: The Life and Works of William Butler Yeats,"[403, 404, 405, 406, 494, 746, 747, 748, 790, 791, 792, 793, 2810, 2811, 2905, 4530, 5034, 7390, 7576, 7585, 7586, 7612]"
GAA Museum - Croke Park,[500]
The National Wax Museum Plus,"[271, 273, 291, 293, 297, 298, 299, 300, 301, 302, 303, 313, 315, 317, 318, 319, 320, 325, 326, 328, 329, 333, 334, 335, 336, 337, 339, 340, 342, 345, 346, 347, 349, 4494, 4495, 4521, 4522, 4720, 5192, 6207, 7392, 7564, 7568, 7591]"
The New Theatre,"[312, 1357, 1358, 1443, 1479, 1480, 1934, 1935, 2002, 2003, 2912, 7581, 7582]"
Alix Gardners Cookery School,"[754, 755, 779, 780, 848, 849, 906, 2795, 7370]"
Dublinbikes,"[288, 292, 299, 300, 303, 350, 407, 496, 2498, 4717, 7564, 7568]"
The Cookery School@Donnybrook Fair,"[756, 757, 758, 775, 776]"
The Kitchen in the Castle,[580]
The National Leprechaun Museum,"[312, 1479]"
Dublin City University Conference and Events,"[1644, 1646, 7571]"
Trinity College Dublin,"[340, 342, 345, 346, 347, 349, 400, 403, 404, 405, 406, 4495, 7564, 7585, 7586, 7587, 7588]"
IMI Conference Centre & Residence,"[2832, 2833, 2836, 2837, 4349, 5143]"
UCD,[]
O'Connor Coaches,[]
Howth Guided Tours,"[557, 558, 559, 576, 577]"
"Newman University Church, Our Lady Seat of Wisdom","[843, 844, 1013, 1014, 6074]"
Ecocabs,"[271, 273, 289, 291, 293, 297, 298, 299, 300, 301, 302, 303, 313, 315, 317, 318, 319, 320, 325, 326, 328, 329, 333, 334, 335, 336, 337, 339, 340, 342, 345, 346, 347, 349, 4494, 4495, 4720, 5192, 6207, 7392, 7568, 7591]"
The Jeanie Johnston,"[2498, 2499, 2500, 6252, 7216, 7221, 7371, 7397]"
Dublin City Bike Tours,"[288, 289, 291, 292, 293, 298, 299, 300, 302, 303, 407, 496, 497, 620, 621, 1171, 1172, 1184, 1500, 2498, 4380, 4415, 4717, 7402, 7568, 7591, 7596]"
The Howth Horse & Carriage Co,"[558, 559, 560, 575, 576, 577]"
The Dublin City Pub Crawl,"[271, 273, 289, 291, 293, 297, 298, 299, 300, 301, 302, 303, 313, 315, 317, 318, 319, 320, 325, 326, 328, 329, 333, 334, 335, 336, 337, 339, 340, 342, 345, 346, 347, 349, 4494, 4495, 4720, 5192, 6207, 7392, 7568, 7591]"
Baking Academy of Ireland,"[4357, 4359]"
Panoramic Ireland Photo Tours,"[271, 273, 289, 291, 293, 297, 298, 299, 300, 301, 302, 303, 313, 315, 317, 318, 319, 320, 325, 326, 328, 329, 333, 334, 335, 336, 337, 339, 340, 342, 345, 346, 347, 349, 4494, 4495, 4720, 5192, 6207, 7392, 7568, 7591]"
Butlers Chocolate Experience,[1178]
Yellow Brick Road,"[271, 273, 313, 315, 317, 318, 319, 320, 325, 326, 328, 329, 333, 334, 1358, 1359, 4720, 5192, 7392, 7582]"
Skerries Seatours,[]
The Doorway Gallery,"[403, 404, 405, 406, 746, 747, 792, 793, 4530, 5034, 7576, 7585, 7586]"
The Little Museum of Dublin,"[746, 747, 748, 790, 791, 792, 842, 844, 4530, 5034]"
Dublin by Taxi,"[270, 271, 272, 273, 274, 277, 278, 279, 281, 289, 291, 293, 297, 621, 4508, 4724, 4725, 6059, 6207, 7591]"
Big Smoke Writing Factory,"[786, 845, 846, 909, 1013, 1014, 1015, 6074]"
"The Grange Gifts, Gallery and Garden",[]
The Sporting Emporium Casino,"[403, 746, 747, 790, 791, 792, 793, 4530, 5034, 7576]"
Shelbourne Park Greyhound Stadium,"[355, 392]"
Trails and Tales,[]
Royal College of Physicians of Ireland,"[403, 404, 405, 406, 494, 746, 747, 792, 793, 2810, 2811, 2905, 4530, 5034, 7576, 7585, 7586, 7612]"
College of Anaesthetists of Ireland,"[408, 409, 493, 494, 2810, 2811, 2905, 7385, 7387, 7390, 7391, 7612]"
Exchange Dublin,"[312, 1443, 1479, 1480, 1934, 1935, 2002, 2003, 2310, 2912]"
National Folklore Collection,"[765, 767, 768, 4391, 4952, 4953, 2007]"
Brewery Hops of Ireland,"[2, 3, 4, 6, 7, 261, 262, 263, 264, 265, 270, 272, 274, 277, 278, 279, 281, 4508, 4724, 4725, 6004, 6059, 6071]"
Dublin Falconry,[]
"Victorian People's Flower Gardens, Phoenix Park","[806, 807, 1449, 1450, 1473, 4408, 7513]"
Barry Doyle Design Jewellers,"[1278, 1279, 1282, 1283, 1355, 1357, 1358, 1359, 1934, 1935, 4456, 7578, 7581, 7582]"
Djinn Jewellery,"[1074, 1284, 1285, 1352, 1353, 7577, 7579]"
Irish Design Shop,"[1278, 1279, 1282, 1283, 1357, 1358, 1359, 1934, 4521, 4522, 7578, 7581, 7582]"
The Design Tower - Breda Haugh Jeweller,"[353, 354, 395, 396, 397]"
Golden Ireland Directory Limited,"[1644, 1646, 7571, 224]"
Bike on Board.ie,[]
Dublin Bay Cruises,"[2036, 2037, 2038, 2039, 4983]"
Original Irish Hotels,"[448, 451, 3181, 5142]"
Celtic Campervans,[]
Island Ferries,"[559, 576]"
City Powerboat,"[2498, 2499, 2500, 6252, 7216, 7221, 7371, 7397]"
Breda Haugh Jeweller Designer,"[352, 353, 354, 396, 397]"
The Gaiety School of Acting,"[312, 1443, 1479, 1480, 1934, 1935, 2002, 2003, 2310, 2912]"
Doheny & Nesbitt,"[746, 747, 748, 749, 785, 842, 843, 844, 2811, 2905, 7385, 7387, 7390, 7391]"
Primrose Hill,"[7049, 7050]"
Sixt Rent A Car,"[3665, 7347, 7348, 7401]"
The Ark,"[312, 329, 1278, 1279, 1282, 1357, 1358, 1359, 1443, 1479, 1934, 1935, 2003, 2912, 7578, 7581, 7582]"
F. W. Sweny & Co. Ltd.,"[399, 408, 409, 494, 495, 2809, 2810, 2905, 7385, 7387, 7390, 7585, 7586, 7612]"
City Assembly House,"[792, 793, 1278, 1279, 1282, 1283, 1357, 1358, 1359, 4521, 4522, 7578, 7581, 7582]"
Malahide Charter Boat,[]
Denny's Dublin Tours,"[271, 273, 289, 291, 293, 297, 298, 299, 300, 301, 302, 303, 313, 315, 317, 318, 319, 320, 325, 326, 328, 329, 333, 334, 335, 336, 337, 339, 340, 342, 345, 346, 347, 349, 4494, 4495, 4720, 5192, 6207, 7392, 7568, 7591]"
Walking Tours Of Dublin Now And Then,"[1282, 1283, 1357, 1443, 1934, 1935, 2002, 2003, 2310, 2385, 2912, 7578]"
Wonderful Ireland Walking Holidays,"[2826, 2842, 2864, 2865, 4486, 4587]"
365 Chauffeur Drive,"[270, 271, 272, 273, 274, 277, 278, 279, 281, 289, 291, 293, 297, 298, 301, 302, 325, 621, 4724, 6059, 6207, 7591]"
The Westbury Club,"[3585, 3586, 3624, 3634, 4387]"
Dun Laoghaire Community Tourist Office,"[2036, 2037, 2038, 2039, 2040, 3046, 3070, 4983]"
Classic Hymer Hire Ltd,[]
Dun Laoghaire Marina,"[2036, 2038, 2039, 2041, 4983]"
Senza Meta La Dublino dei Dublinesi  - Out and About,"[270, 271, 272, 273, 274, 277, 278, 279, 281, 289, 291, 293, 297, 298, 301, 621, 4508, 4724, 4725, 6059, 6207, 7591, 7596]"
Arbutus Garden Tours,"[63, 64, 74, 75, 821, 822, 823, 831, 832, 4371, 4485]"
Art tours incl. Book of Kells: Art Impressions,"[271, 273, 289, 291, 293, 297, 298, 299, 300, 301, 302, 303, 313, 315, 317, 318, 319, 320, 325, 326, 328, 329, 333, 334, 335, 336, 337, 339, 340, 342, 345, 346, 347, 349, 4494, 4495, 4720, 5192, 6207, 7392, 7568, 7591]"
"Smock Alley Theatre, 1662","[312, 1443, 1478, 1479, 1480, 1934, 1935, 2002, 2003, 2310, 2912]"
Irish Whiskey Museum,"[317, 318, 319, 320, 325, 326, 328, 329, 333, 334, 335, 336, 337, 340, 342, 345, 346, 347, 349, 403, 404, 406, 792, 793, 1278, 1279, 1358, 1359, 4495, 4521, 4522, 4720, 5192, 7392, 7576, 7581, 7582]"
Dublin Craic Tour - My Irish Guide,"[746, 747, 748, 790, 791, 842, 843, 844, 4530, 5034]"
Zoological Museum,"[399, 400, 405, 406, 408, 494, 495, 2809, 2810, 7585, 7586, 7587, 7588, 7612]"
Dublino Nascosta,"[312, 313, 315, 317, 318, 319, 320, 325, 326, 328, 329, 1278, 1279, 1358, 1359, 1934, 4521, 4522, 4720, 7392, 7581, 7582]"
The Workman's Club,"[312, 1358, 1443, 1479, 1480, 1934, 1935, 2002, 2003, 2912, 7581, 7582]"
Kelly Hood Art Studio,"[792, 793, 1278, 1279, 1282, 1283, 1357, 1358, 1359, 1934, 4521, 4522, 7576, 7578, 7581, 7582]"
The Bernard Shaw,"[1016, 1017, 1072, 1074, 1286, 1287, 1350, 2812, 2903, 7577]"
Traditional Irish Experience,"[271, 273, 289, 291, 293, 297, 298, 299, 300, 301, 302, 303, 313, 315, 317, 318, 319, 320, 325, 326, 328, 329, 333, 334, 335, 336, 337, 339, 340, 342, 345, 346, 347, 349, 4494, 4495, 4521, 4720, 5192, 6207, 7392, 7564, 7568, 7591]"
My Irish Landscape,"[6298, 6324, 6325, 6336]"
Irish Centre for Cycling,[]
The Dublin Cityscape Tour - Quicktours,"[2674, 2686, 7510]"
Trailwalkers Ireland Ltd.,"[3006, 4751, 4758, 4870, 4886, 6343]"
Olivier Cornet Gallery,"[10, 11, 12, 51, 52, 260, 261, 262, 263, 264, 265, 819, 1174, 4726, 6004, 6071]"
James Joyce Centre Footsteps of Leopold Bloom Tour,"[260, 261, 262, 263, 264, 265, 272, 1173, 1174, 1505, 4508, 4513, 4725, 4726, 6004, 6071]"
James Joyce Centre Joyce Circular Tour,"[260, 261, 262, 263, 264, 265, 272, 1173, 1174, 1505, 4508, 4513, 4725, 4726, 6004, 6071]"
James Joyce Centre Dubliners Tour,"[260, 261, 262, 263, 264, 265, 272, 1173, 1174, 1505, 4508, 4513, 4725, 4726, 6004, 6071]"
BLOCK T,"[1445, 1616, 1647, 1715, 7453]"
Centre for Creative Practices,"[748, 749, 750, 784, 785, 786, 842, 843, 844, 845]"
Camp and Curise Motor Homes,"[1628, 1634, 1635]"
Taste of Dublin - See Dublin by Bike,"[1279, 1282, 1283, 1355, 1357, 1358, 1934, 4456, 7578, 7581, 7582]"
The History Tour - Photowalk Dublin,"[1447, 1474, 2637, 4319, 4320, 4413, 7078]"
The Georgian Tour - Photowalk Dublin,"[317, 318, 319, 320, 325, 326, 328, 329, 333, 334, 335, 336, 337, 340, 342, 345, 346, 347, 349, 403, 404, 792, 793, 1278, 1279, 1358, 1359, 4495, 4521, 4522, 4720, 5192, 7392, 7576, 7581, 7582]"
Dockland Tour - Photowalk Dublin,"[2507, 7399]"
Wild Wicklow Tours,"[319, 320, 349, 792, 793, 1278, 1279, 1282, 1357, 1358, 1359, 4521, 4522, 7576, 7578, 7581, 7582]"
Abbey Theatre Tours,"[271, 273, 279, 288, 289, 291, 292, 293, 297, 298, 299, 300, 301, 302, 303, 317, 318, 325, 333, 334, 335, 336, 339, 340, 407, 621, 1171, 4494, 4495, 6059, 6207, 7564, 7568, 7591, 7596]"
Na Píobairí Uilleann,"[270, 271, 272, 273, 274, 277, 278, 279, 281, 289, 291, 293, 297, 298, 301, 302, 313, 315, 325, 621, 4724, 6059, 6207, 7591]"
Sandemans New Dublin,"[312, 1358, 1443, 1479, 1480, 1934, 1935, 2002, 2003, 2912, 7581, 7582]"
Cliffs Of Moher - Railtours Ireland First Class!,"[496, 497, 620, 675, 1171, 1184, 1500, 4380, 4415, 4717]"
"Cork, Blarney Castle & Queenstown Tour -Railtours Ireland First Class!","[496, 497, 620, 675, 1171, 1184, 1500, 4380, 4415, 4717]"
The Ring of Kerry Tour - Railtours Ireland First Class!,"[496, 497, 620, 675, 1171, 1184, 1500, 4380, 4415, 4717]"
Titanic and Belfast City Tour - Railtours Ireland First Class!,"[496, 497, 620, 675, 1171, 1184, 1500, 4380, 4415, 4717]"
Wicklow Mountaineer Tour - Railtours Ireland First Class!,"[496, 497, 620, 675, 1171, 1184, 1500, 4380, 4415, 4717]"
Cork and Blarney Castle Tour - Railtours Ireland First Class!,"[496, 497, 620, 675, 1171, 1184, 1500, 4380, 4415, 4717]"
Connemara & The Wild Atlantic Way Tour - Railtours Ireland First Class!,"[496, 497, 620, 675, 1171, 1184, 1500, 4380, 4415, 4717]"
Dublin Highlights & Hidden Corners Tour - Pat Liddys Walking Tours,"[2, 3, 270, 271, 272, 274, 277, 278, 279, 281, 621, 4508, 4724, 4725, 6004, 6059, 6071]"
Waterford Crystal & Kilkenny City Tour - Railtours Ireland First Class!,"[496, 497, 620, 675, 1171, 1184, 1500, 4380, 4415, 4717]"
Best of Dublin Walking Tour - Pat Liddy Walking Tours,"[2, 3, 270, 271, 272, 274, 277, 278, 279, 281, 621, 4508, 4724, 4725, 6004, 6059, 6071]"
12 Henrietta Street,"[194, 1614, 1619]"
The Lansdowne Hotel,"[752, 753, 754, 780, 781, 782, 2796, 2799]"
The Copper House Gallery,"[1074, 1285, 1286, 1287, 1288, 1350, 1352, 1353, 7577]"
The Seamus Ennis Arts Centre,[]
Viking Theatre,"[1730, 1731, 1747, 1748]"
MART Gallery,"[1019, 1020, 1069, 1070, 1076, 2788, 2794]"
The Library Project,"[312, 313, 315, 325, 326, 328, 329, 1278, 1279, 1358, 1359, 1934, 2912, 4521, 4522, 4720, 7392, 7581, 7582]"
Samuel Beckett Theatre,"[340, 342, 345, 346, 347, 349, 400, 403, 404, 405, 406, 793, 7576, 7585, 7586, 7587, 7588]"
The Chocolate Factory,"[2, 3, 4, 6, 7, 10]"
Newgrange & Hill of Tara Tour - Gray Line Tours,"[271, 273, 274, 279, 289, 291, 293, 297, 298, 299, 300, 301, 302, 303, 313, 315, 317, 318, 319, 320, 325, 326, 328, 329, 333, 334, 335, 336, 337, 339, 347, 349, 4494, 4495, 4720, 5192, 6059, 6207, 7392, 7568, 7591]"
RUA RED South Dublin Arts Centre,"[270, 271, 272, 274, 277, 278, 279, 281, 289, 291, 293, 621, 4508, 4724, 4725, 6059, 6207, 7591, 7596]"
DC Music Club,"[1284, 1353, 2311, 2386, 2387, 2636, 7579]"
Sol Art Gallery,"[403, 404, 405, 406, 746, 747, 792, 793, 4521, 4530, 5034, 7576, 7585]"
Dublin a Pied,"[270, 271, 272, 273, 274, 277, 278, 279, 281, 289, 291, 293, 297, 298, 301, 302, 313, 315, 325, 621, 4724, 6059, 6207, 7591]"
Gleeson Hall,"[1284, 1353, 1354, 2311, 7579]"
Celts & Castles Tours - Hilltop Treks,"[2523, 2524, 2542, 4873, 4883]"
New Acropolis,"[1017, 1018, 1019, 1071, 4528]"
Powerscourt Theatre,"[792, 793, 1278, 1279, 1282, 1283, 1357, 1358, 1359, 4521, 4522, 7576, 7578, 7581, 7582]"
Aran Islands - 2 Day Tour Quicktours,"[273, 313, 315, 317, 318, 319, 320, 325, 326, 328, 329, 333, 334, 335, 336, 337, 339, 340, 342, 345, 346, 347, 349, 1278, 1279, 1358, 1359, 4494, 4495, 4521, 4522, 4720, 5192, 7392, 7582]"
Day Tour to the Aran Islands & Wild Atlantic Way - Quicktours,"[273, 313, 315, 317, 318, 319, 320, 325, 326, 328, 329, 333, 334, 335, 336, 337, 339, 340, 342, 345, 346, 347, 349, 1278, 1279, 1358, 1359, 4494, 4495, 4521, 4522, 4720, 5192, 7392, 7582]"
Kilkenny City & Wicklow Mountains - Wild Rover Tours,"[270, 271, 272, 274, 277, 278, 279, 281, 289, 291, 293, 621, 4508, 4724, 4725, 6059, 6207, 7591, 7596]"
Kildare & Wicklow Heritage Tour - Quicktours,"[273, 313, 315, 317, 318, 319, 320, 325, 326, 328, 329, 333, 334, 335, 336, 337, 339, 340, 342, 345, 346, 347, 349, 1278, 1279, 1358, 1359, 4494, 4495, 4521, 4522, 4720, 5192, 7392, 7582]"
Wild Atlantic Way 1 Day Coach Tour - Quicktours,"[273, 313, 315, 317, 318, 319, 320, 325, 326, 328, 329, 333, 334, 335, 336, 337, 339, 340, 342, 345, 346, 347, 349, 1278, 1279, 1358, 1359, 4494, 4495, 4521, 4522, 4720, 5192, 7392, 7582]"
Wild Atlantic Way featuring Loop Head Peninsula,"[273, 313, 315, 317, 318, 319, 320, 325, 326, 328, 329, 333, 334, 335, 336, 337, 339, 340, 342, 345, 346, 347, 349, 1278, 1279, 1358, 1359, 4494, 4495, 4521, 4522, 4720, 5192, 7392, 7582]"
"Bunratty Castle & Folk Park, The Burren & Cliffs of Moher","[273, 313, 315, 317, 318, 319, 320, 325, 326, 328, 329, 333, 334, 335, 336, 337, 339, 340, 342, 345, 346, 347, 349, 1278, 1279, 1358, 1359, 4494, 4495, 4521, 4522, 4720, 5192, 7392, 7582]"
"Cliffs of Moher, Wild Atlantic Way & Galway City - Wild Rover Tours","[270, 271, 272, 273, 274, 277, 278, 279, 281, 289, 291, 293, 297, 298, 301, 302, 313, 315, 325, 621, 4724, 6059, 6207, 7591]"
"Bunratty Castle, Burren & Cliffs of Moher - Quicktours","[273, 313, 315, 317, 318, 319, 320, 325, 326, 328, 329, 333, 334, 335, 336, 337, 339, 340, 342, 345, 346, 347, 349, 1278, 1279, 1358, 1359, 4494, 4495, 4521, 4522, 4720, 5192, 7392, 7582]"
Malahide Castle & Coastal Tour - City Sightseeing Dublin,"[271, 273, 274, 279, 289, 291, 293, 297, 298, 299, 300, 301, 302, 303, 313, 315, 317, 318, 319, 320, 325, 326, 328, 329, 333, 334, 335, 336, 337, 339, 4494, 4495, 4720, 4724, 5192, 6059, 6207, 7392, 7568, 7591]"
Eirewalk,"[270, 271, 272, 273, 274, 277, 278, 279, 281, 289, 291, 293, 297, 298, 301, 302, 313, 315, 325, 621, 4724, 6059, 6207, 7591]"
Theatre Upstairs,"[271, 273, 288, 289, 291, 292, 293, 297, 298, 299, 300, 301, 302, 303, 317, 318, 319, 320, 325, 326, 328, 333, 334, 335, 336, 337, 339, 340, 342, 345, 346, 347, 349, 407, 621, 4494, 4495, 4720, 5192, 6207, 7392, 7564, 7568, 7591]"
Meeting House Square,"[312, 329, 1278, 1279, 1282, 1357, 1358, 1359, 1443, 1479, 1934, 1935, 2002, 2003, 2912, 7578, 7581, 7582]"
U2's Dublin - See Dublin by Bike,"[1279, 1282, 1283, 1355, 1357, 1358, 1934, 4456, 7578, 7581, 7582]"
Cliffs of Moher - Paddywagon Tours,"[288, 289, 291, 292, 293, 297, 298, 299, 300, 301, 302, 303, 407, 496, 497, 620, 621, 1171, 1172, 1184, 1500, 2498, 4380, 4415, 4717, 7402, 7568, 7591, 7596]"
Giant's Causeway Tour - Paddywagon Tours,"[288, 289, 291, 292, 293, 297, 298, 299, 300, 301, 302, 303, 407, 496, 497, 620, 621, 1171, 1172, 1184, 1500, 2498, 4380, 4415, 4717, 7402, 7568, 7591, 7596]"
Blarney Cork and Cobh Tour - Paddywagon Tours,"[288, 289, 291, 292, 293, 297, 298, 299, 300, 301, 302, 303, 407, 496, 497, 620, 621, 1171, 1172, 1184, 1500, 2498, 4380, 4415, 4717, 7402, 7568, 7591, 7596]"
The Belfast  Tour - Paddywagon Tours,"[288, 289, 291, 292, 293, 297, 298, 299, 300, 301, 302, 303, 407, 496, 497, 620, 621, 1171, 1172, 1184, 1500, 2498, 4380, 4415, 4717, 7402, 7568, 7591, 7596]"
The Kilkenny Tour - Paddywagon Tours,"[288, 289, 291, 292, 293, 297, 298, 299, 300, 301, 302, 303, 407, 496, 497, 620, 621, 1171, 1172, 1184, 1500, 2498, 4380, 4415, 4717, 7402, 7568, 7591, 7596]"
Galway and Connemara Tour - Paddywagon Tours,"[288, 289, 291, 292, 293, 297, 298, 299, 300, 301, 302, 303, 407, 496, 497, 620, 621, 1171, 1172, 1184, 1500, 2498, 4380, 4415, 4717, 7402, 7568, 7591, 7596]"
The Kerry  Tour - Paddywagon Tours,"[288, 289, 291, 292, 293, 297, 298, 299, 300, 301, 302, 303, 407, 496, 497, 620, 621, 1171, 1172, 1184, 1500, 2498, 4380, 4415, 4717, 7402, 7568, 7591, 7596]"
Pat Liddy's Walking Tours of Dublin Ltd,"[2, 3, 270, 271, 272, 274, 277, 278, 279, 281, 621, 4508, 4724, 4725, 6004, 6059, 6071]"
Giant's Causeway and G.O.T. locations tour - Extreme Ireland,"[317, 318, 319, 320, 325, 326, 328, 329, 333, 334, 335, 336, 337, 340, 342, 345, 346, 347, 349, 403, 404, 792, 793, 1278, 1279, 1358, 1359, 4495, 4521, 4522, 4720, 5192, 7392, 7576, 7581, 7582]"
Cork and Blarney Day Tour - Extreme Ireland,"[317, 318, 319, 320, 325, 326, 328, 329, 333, 334, 335, 336, 337, 340, 342, 345, 346, 347, 349, 403, 404, 792, 793, 1278, 1279, 1358, 1359, 4495, 4521, 4522, 4720, 5192, 7392, 7576, 7581, 7582]"
Connemara Day Tour - Extreme Ireland,"[317, 318, 319, 320, 325, 326, 328, 329, 333, 334, 335, 336, 337, 340, 342, 345, 346, 347, 349, 403, 404, 792, 793, 1278, 1279, 1358, 1359, 4495, 4521, 4522, 4720, 5192, 7392, 7576, 7581, 7582]"
Cliffs of Moher Day Tour - Extreme Ireland,"[317, 318, 319, 320, 325, 326, 328, 329, 333, 334, 335, 336, 337, 340, 342, 345, 346, 347, 349, 403, 404, 792, 793, 1278, 1279, 1358, 1359, 4495, 4521, 4522, 4720, 5192, 7392, 7576, 7581, 7582]"
The Celtic Boyne Valley Day Tour - Extreme Ireland,"[317, 318, 319, 320, 325, 326, 328, 329, 333, 334, 335, 336, 337, 340, 342, 345, 346, 347, 349, 403, 404, 792, 793, 1278, 1279, 1358, 1359, 4495, 4521, 4522, 4720, 5192, 7392, 7576, 7581, 7582]"
Belfast city and Titanic tour - Extreme Ireland,"[317, 318, 319, 320, 325, 326, 328, 329, 333, 334, 335, 336, 337, 340, 342, 345, 346, 347, 349, 403, 404, 792, 793, 1278, 1279, 1358, 1359, 4495, 4521, 4522, 4720, 5192, 7392, 7576, 7581, 7582]"
The Gravediggers Ghostbus - Extreme Ireland,"[317, 318, 319, 320, 325, 326, 328, 329, 333, 334, 335, 336, 337, 340, 342, 345, 346, 347, 349, 403, 404, 792, 793, 1278, 1279, 1358, 1359, 4495, 4521, 4522, 4720, 5192, 7392, 7576, 7581, 7582]"
Sandycove Beach,"[3051, 3052, 3063, 3064]"
Killiney  Hill,[]
Customised Jogging Tour - Sight Jogging Dublin,"[790, 791, 792, 5034]"
Literary Walking Tour Dublin,"[408, 409, 493, 494, 746, 747, 748, 749, 2810, 2811, 2905, 4530, 7385, 7387, 7390, 7391, 7585, 7586, 7612]"
City Highlights Walking Tour- Dublin,"[270, 271, 272, 273, 274, 277, 278, 279, 281, 288, 289, 291, 293, 297, 298, 299, 300, 301, 302, 303, 313, 315, 325, 326, 328, 333, 339, 621, 4494, 4720, 4724, 6059, 6207, 7392, 7568, 7591]"
City Highlights Jogging Tour,"[790, 791, 792, 5034]"
Racing Tours Ireland,"[319, 320, 337, 347, 349, 403, 404, 792, 793, 1278, 1279, 1357, 1358, 1359, 4521, 4522, 5192, 7576, 7581, 7582]"
Hilltop Treks Walking Tours,"[2523, 2524, 2542, 4873, 4883]"
Musical Pub Crawl,"[273, 312, 313, 315, 317, 318, 319, 320, 325, 326, 328, 329, 333, 334, 335, 336, 337, 347, 349, 1278, 1279, 1358, 1359, 1934, 4521, 4522, 4720, 5192, 7392, 7581, 7582]"
Corporate Chauffeurs,"[1419, 1421, 1423, 6094, 7043]"
Dublin Mini Coaches & Chauffeur Drive - Day Tours,"[2782, 2785]"
The LAB Gallery,"[292, 496, 497, 620, 621, 1171, 1172, 1184, 1500, 4380, 4415, 4717, 7402, 7596]"
Joyce and the Irish Literary Revival Tour,"[260, 261, 262, 263, 264, 265, 272, 1173, 1174, 1505, 4508, 4513, 4725, 4726, 6004, 6071]"
Dublin Pedal Tours,"[288, 289, 291, 292, 293, 297, 298, 299, 300, 301, 302, 303, 333, 334, 335, 336, 339, 340, 342, 345, 346, 400, 407, 496, 2498, 4494, 4495, 6207, 7564, 7568, 7587, 7588, 7591]"
Trace your Irish Ancestors and Heritage Tour - LetzGo City Tours,"[2102, 2103, 2184, 2185, 2726, 2778]"
HikingIreland.ie,"[3763, 3855]"
"Guinness, Whiskey and Temple Bar Highlights Tour - LetzGo Tours","[2102, 2103, 2184, 2185, 2726, 2778]"
Early Access Book of Kells  & Dublin Castle Tour - LetzGo City Tours,"[2102, 2103, 2184, 2185, 2726, 2778]"
Border Tours,"[399, 408, 409, 493, 494, 495, 2809, 2810, 2811, 2905, 7385, 7387, 7390, 7391, 7585, 7586, 7612]"
Butlers Chocolate Experience Tour,[1178]
1916 Freedom Tour,"[408, 409, 493, 494, 749, 785, 2810, 2811, 2905, 7385, 7387, 7390, 7391, 7612]"
Payless Car Rental Ireland,[]
The Story Bus,"[1975, 4379, 7354]"
Tour of Smock Alley Theatre,"[312, 1443, 1478, 1479, 1480, 1934, 1935, 2002, 2003, 2310, 2912]"
Dublin Now  Walking Tour,"[408, 409, 493, 494, 746, 747, 748, 749, 2810, 2811, 2905, 4530, 7385, 7387, 7390, 7391, 7585, 7586, 7612]"
Burrow Beach Green Coast Award 2019,"[551, 584]"
Public Art Walking Tours,"[790, 791, 842, 843, 844, 845, 1013, 1014, 6074]"
DGallery,"[1451, 1452, 1471, 1472, 2191, 2251]"
Dun Laoghaire Walking Tours,"[2036, 2037, 2038, 2039, 2040, 4983]"
IBAT College Dublin English Language School,"[312, 313, 315, 329, 1358, 1443, 1479, 1934, 1935, 2003, 2912, 7581, 7582]"
ATC Language & Travel,"[1282, 1283, 1355, 1357, 4456, 7578]"
The Lazy Bike Tour Company Limited,"[312, 1443, 1478, 1479, 1480, 1934, 1935, 2002, 2003, 2310, 2912]"
The Irish Rock 'N' Roll Museum Experience,"[312, 313, 315, 328, 329, 1278, 1279, 1282, 1357, 1358, 1359, 1934, 1935, 2003, 2912, 4521, 4522, 7578, 7581, 7582]"
Jackpot Slot Club,"[270, 271, 272, 273, 274, 277, 278, 279, 281, 289, 291, 293, 297, 298, 301, 302, 313, 315, 325, 621, 4724, 6059, 6207, 7591]"
Colossus Casino Club,"[270, 271, 272, 273, 274, 277, 278, 279, 281, 289, 291, 293, 297, 298, 301, 302, 313, 315, 325, 621, 4724, 6059, 6207, 7591]"
Cliffs of Moher Tour - Gray Line Tour,"[270, 271, 273, 274, 277, 279, 281, 288, 289, 291, 292, 293, 297, 298, 299, 300, 301, 302, 303, 313, 315, 317, 318, 319, 325, 326, 328, 329, 333, 334, 335, 336, 339, 621, 4494, 4720, 4724, 6059, 6207, 7392, 7568, 7591]"
Irish Road Tripper - The Wild Atlantic Way Tour,"[403, 404, 405, 406, 494, 746, 747, 792, 793, 4530, 7576, 7585, 7586, 7588]"
Irish Road Tripper - The Giants Journey Tour,"[403, 404, 405, 406, 494, 746, 747, 792, 793, 4530, 7576, 7585, 7586]"
Travelling Languages,"[405, 408, 494, 495, 746, 2809, 2810, 2811, 2905, 4530, 7385, 7387, 7390, 7391, 7585, 7586, 7612]"
Newgrange & Boyne Valley Day Tour - Bus Éireann,"[288, 289, 292, 300, 407, 496, 497, 620, 621, 1171, 1184, 1500, 2498, 4380, 4415, 4717, 7402, 7568, 7596]"
Giants Causeway Tour - Finn McCools Tours,"[271, 273, 291, 293, 297, 298, 299, 300, 301, 302, 303, 313, 315, 317, 318, 319, 320, 325, 326, 328, 329, 333, 334, 335, 336, 337, 339, 340, 342, 345, 346, 347, 349, 1278, 1359, 4494, 4495, 4521, 4522, 4720, 5192, 6207, 7392, 7568, 7591]"
Game of Thrones Tour - Finn McCools Tours,"[271, 273, 291, 293, 297, 298, 299, 300, 301, 302, 303, 313, 315, 317, 318, 319, 320, 325, 326, 328, 329, 333, 334, 335, 336, 337, 339, 340, 342, 345, 346, 347, 349, 1278, 1359, 4494, 4495, 4521, 4522, 4720, 5192, 6207, 7392, 7568, 7591]"
Battles and Barracks,"[1369, 1370, 1377, 1378, 1944, 1993, 1994]"
Gormley's Fine Art,"[403, 404, 405, 406, 746, 747, 792, 793, 4530, 5034, 7576, 7585, 7586]"
Dublin Whiskey Tours,"[273, 297, 298, 301, 302, 303, 317, 318, 319, 320, 325, 326, 328, 329, 333, 334, 335, 336, 337, 339, 340, 342, 345, 346, 347, 349, 1359, 4494, 4495, 4521, 4522, 4720, 5192, 7392, 7564, 7588]"
DoDublin Tours,"[2, 3, 270, 271, 272, 274, 277, 278, 279, 281, 4508, 4724, 4725, 6004, 6059, 6071]"
Star Wars The Skellig Islands & Ring of Kerry - Railtours Ireland First Class,"[496, 497, 620, 675, 1171, 1184, 1500, 4380, 4415, 4717]"
Gays About Town,"[408, 409, 493, 494, 495, 2809, 2810, 2811, 2905, 7385, 7387, 7390, 7391, 7585, 7586, 7612]"
Glendalough Tour - Finn McCools Tours,"[271, 273, 291, 293, 297, 298, 299, 300, 301, 302, 303, 313, 315, 317, 318, 319, 320, 325, 326, 328, 329, 333, 334, 335, 336, 337, 339, 340, 342, 345, 346, 347, 349, 1278, 1359, 4494, 4495, 4521, 4522, 4720, 5192, 6207, 7392, 7568, 7591]"
GPO Witness History,"[270, 271, 272, 273, 274, 277, 278, 279, 281, 289, 291, 293, 297, 301, 313, 315, 621, 4724, 6059, 6207, 7591]"
Bus Éireann (Dublin City),"[288, 289, 292, 299, 300, 303, 407, 496, 497, 620, 621, 1171, 1172, 1184, 1500, 2498, 4380, 4415, 4717, 7402, 7568, 7596]"
Mornington Garden,"[3097, 3101]"
The KEMP Gallery,"[403, 404, 405, 406, 746, 747, 792, 793, 4530, 5034, 7576, 7585, 7586]"
Waltons New School of Music,"[1278, 1279, 1282, 1283, 1357, 1358, 1359, 1934, 1935, 2003, 2912, 7578, 7581, 7582]"
Sixt Rent A Car - City Centre,"[264, 265, 270, 272, 274, 277, 278, 279, 281, 621, 1172, 1173, 1505, 4508, 4513, 4724, 4725, 6004, 6059, 6071, 7402, 7596]"
Jonny Macs Famous Ireland Tours,"[270, 271, 273, 274, 277, 279, 288, 289, 291, 292, 293, 297, 298, 299, 300, 301, 302, 303, 313, 317, 318, 319, 325, 326, 328, 333, 334, 335, 336, 337, 339, 621, 4494, 4495, 4720, 4724, 5192, 6059, 6207, 7392, 7568, 7591, 7596]"
"The International School of English, ISE Ireland","[1074, 1285, 1352, 1353, 7577]"
Howth Walking Tours,"[557, 558, 577, 579]"
Wild Atlantic Flights,[]
The Michael Collins Walking Tour,"[792, 793, 1278, 1279, 1282, 1283, 1357, 1358, 1359, 1934, 4521, 4522, 7576, 7578, 7581, 7582]"
The School of Jewellery Ireland,"[802, 803, 804, 808, 809, 1528, 1654, 1655, 1709, 1710]"
7 Day World Tour of Ireland - Vagabond Tours of Ireland,"[270, 271, 272, 273, 274, 277, 278, 279, 281, 289, 291, 293, 297, 298, 301, 302, 313, 315, 325, 621, 4720, 4724, 6059, 6207, 7591]"
1916 Ride the Revolution Rise of the Rebels Bus Tour - Hidden Dublin Walks,"[1445, 1715, 1939, 1998, 7453]"
The Gravedigger Ghost Tour - Hidden Dublin Walks,"[1445, 1715, 1939, 1998, 7453]"
Hell Fire Club Bus Tour - Hidden Dublin Walks,"[1445, 1715, 1939, 1998, 7453]"
6 Day Northern Ireland Tour - Vagabond Tours of Ireland,"[270, 271, 272, 273, 274, 277, 278, 279, 281, 289, 291, 293, 297, 298, 301, 302, 313, 315, 325, 621, 4720, 4724, 6059, 6207, 7591]"
Traditional Irish Storytelling Bus Tour - Hidden Dublin Walks,"[1445, 1715, 1939, 1998, 7453]"
7 Day Treasure Ireland Tour - Vagabond Tours of Ireland,"[270, 271, 272, 273, 274, 277, 278, 279, 281, 289, 291, 293, 297, 298, 301, 302, 313, 315, 325, 621, 4720, 4724, 6059, 6207, 7591]"
8 Day Wild Irish Rover - Vagabond Tours of Ireland,"[270, 271, 272, 273, 274, 277, 278, 279, 281, 289, 291, 293, 297, 298, 301, 302, 313, 315, 325, 621, 4720, 4724, 6059, 6207, 7591]"
11 Day Discover Ireland Tour - Vagabond Tours of Ireland,"[270, 271, 272, 273, 274, 277, 278, 279, 281, 289, 291, 293, 297, 298, 301, 302, 313, 315, 325, 621, 4720, 4724, 6059, 6207, 7591]"
12 Day Giant Irish Adventure Tour - Vagabond Tours of Ireland,"[270, 271, 272, 273, 274, 277, 278, 279, 281, 289, 291, 293, 297, 298, 301, 302, 313, 315, 325, 621, 4720, 4724, 6059, 6207, 7591]"
Ralph Smyth Tours,"[1282, 1283, 1357, 1934, 1935, 2002, 2003, 2310, 2912, 7578]"
Private Giants Causeway Day Tour with Kennedy & Carr,"[270, 271, 272, 273, 274, 277, 278, 279, 281, 288, 289, 291, 293, 297, 298, 301, 302, 621, 4508, 4724, 4725, 6059, 6207, 7591, 7596]"
The Complex,"[1479, 1480]"
Irish Secret Sights,"[270, 271, 272, 273, 274, 277, 278, 279, 281, 289, 291, 293, 297, 298, 301, 302, 313, 315, 325, 621, 4724, 6059, 6207, 7591]"
Everest Language School,"[271, 273, 297, 298, 301, 302, 313, 315, 317, 318, 319, 320, 325, 326, 328, 329, 333, 334, 335, 336, 337, 339, 340, 342, 345, 346, 347, 349, 1278, 1279, 1359, 4494, 4495, 4521, 4522, 4720, 5192, 6207, 7392]"
WILDIRISH Motorcycle Tours,[2274]
Dublin Smiles Tour with Wild Atlantic Flights,[]
Boyne Valley-Valley of the Kings Tour with Wild Atlantic Flights,[]
Wicklow Mountains and Glendalough Tour with Wild Atlantic Flights,[]
Jorgensen Gallery,"[403, 404, 405, 406, 746, 747, 790, 791, 792, 793, 4530, 5034, 7576, 7585, 7586]"
Number Twenty Two,"[403, 404, 405, 406, 746, 747, 790, 791, 792, 793, 4530, 5034, 7576]"
Richmond Barracks,"[1373, 1374, 1375, 1946, 1947, 1989, 1990]"
Saint Patrick’s Day in Dublin,"[313, 315, 317, 318, 319, 320, 325, 326, 328, 329, 334, 335, 336, 337, 342, 347, 349, 1278, 1279, 1358, 1359, 4521, 4522, 4720, 5192, 7392, 7576, 7581, 7582]"
Sights Of Dublin Day Tours,"[2, 3, 4, 6, 7, 261, 262, 263, 264, 265, 270, 272, 274, 277, 278, 279, 281, 4508, 4724, 4725, 6004, 6059, 6071]"
John's Tours of Ireland,"[2, 3, 4, 6, 7, 260, 261, 262, 263, 264, 265, 270, 272, 274, 277, 278, 279, 281, 1505, 4508, 4513, 4724, 4725, 6004, 6059, 6071]"
Optimum Chauffer Drive,"[270, 271, 272, 273, 274, 277, 278, 279, 281, 289, 291, 293, 297, 298, 301, 302, 313, 315, 325, 621, 4724, 6059, 6207, 7591]"
Time Theme Tours,"[1937, 1938, 1939, 1998, 1999, 2001]"
Irish Rugby Institute,"[558, 559, 560, 575, 576, 577]"
Personal Tours Ireland,"[2142, 2143, 2146, 2147]"
Dublin Boat Tour,"[2036, 2037, 2038, 2039, 4983]"
The Perseverance Fleeing The Famine Bus Tour-Hidden Dublin Walks,"[1445, 1715, 1939, 1998, 7453]"
Cliffs of Moher Day Tour-Hidden Dublin Walks and Tours,"[1444, 1445, 1616, 1938, 1999, 7453]"
Cavan Burren Park Day Tour-Hidden Dublin Walks and Tours,"[1444, 1445, 1616, 1938, 1999, 7453]"
Slieve League Donegal Walking Day Tour-Hidden Dublin Walks and Tours,"[1444, 1445, 1616, 1938, 1999, 7453]"
Stairway to Heaven-Hidden Dublin Walks and Tours,"[1444, 1445, 1616, 1938, 1999, 7453]"
Excursiones Irlanda - Cliffs of Moher Day Tour,"[270, 271, 272, 273, 274, 277, 278, 279, 281, 288, 289, 291, 293, 297, 298, 301, 302, 621, 4508, 4724, 4725, 6059, 6207, 7591, 7596]"
The Haunted History Walking Tour - Hidden Dublin Walks,"[1445, 1715, 1939, 1998, 7453]"
Excursiones Irlanda - Blarney Day Tour,"[270, 271, 272, 273, 274, 277, 278, 279, 281, 288, 289, 291, 293, 297, 298, 301, 302, 621, 4508, 4724, 4725, 6059, 6207, 7591, 7596]"
Excursiones Irlanda - Giant’s Causeway Tour,"[270, 271, 272, 273, 274, 277, 278, 279, 281, 288, 289, 291, 293, 297, 298, 301, 302, 621, 4508, 4724, 4725, 6059, 6207, 7591, 7596]"
Silver Service,"[2223, 2224, 2229, 3367, 3372]"
My Gourmet Trail and Tour,"[312, 1282, 1283, 1357, 1358, 1443, 1479, 1934, 1935, 2002, 2003, 2310, 2912, 7578, 7581]"
The Úna Guy Studio,"[312, 313, 315, 328, 329, 1278, 1279, 1357, 1358, 1359, 1934, 1935, 2003, 2912, 4522, 7578, 7581, 7582]"
Rabbie’s Small Group Tours,"[403, 404, 405, 406, 494, 746, 747, 792, 793, 4530, 7576, 7585, 7586, 7588]"
Pearse Lyons Distillery,"[1940, 1941, 1995, 1996, 1997]"
"Wanderlust Irland - Wicklow, Kilkenny & Glendalough Tour from Dublin","[270, 271, 272, 273, 274, 277, 278, 279, 281, 288, 289, 291, 293, 297, 298, 301, 302, 621, 4508, 4724, 4725, 6059, 6207, 7591, 7596]"
Wanderlust Irland - Cliffs of Moher Tour from Dublin,"[270, 271, 272, 273, 274, 277, 278, 279, 281, 288, 289, 291, 293, 297, 298, 301, 302, 621, 4508, 4724, 4725, 6059, 6207, 7591, 7596]"
Wanderlust Irland - Belfast Tour from Dublin,"[270, 271, 272, 273, 274, 277, 278, 279, 281, 288, 289, 291, 293, 297, 298, 301, 302, 621, 4508, 4724, 4725, 6059, 6207, 7591, 7596]"
George Bernard Shaw,"[405, 408, 494, 746, 747, 2809, 2810, 2811, 2905, 4530, 7385, 7387, 7390, 7391, 7585, 7586, 7612]"
Meeting Place,"[312, 313, 315, 317, 318, 319, 320, 325, 326, 328, 329, 1279, 1358, 1359, 4720, 7392, 7581, 7582]"
James Connolly,"[288, 289, 291, 292, 293, 297, 298, 299, 300, 301, 302, 303, 339, 407, 496, 621, 1171, 1184, 4380, 4494, 4717, 6207, 7402, 7564, 7568, 7591, 7596]"
Wolfe Tone,"[746, 747, 748, 790, 791, 842, 843, 844, 2811, 4530, 5034, 6074]"
Cú Chulainn,"[270, 271, 272, 273, 274, 277, 278, 279, 281, 289, 291, 293, 297, 313, 315, 325, 4724, 6059, 6207, 7591]"
George Salmon,"[317, 318, 319, 320, 325, 333, 334, 335, 336, 337, 340, 342, 345, 346, 347, 349, 403, 404, 405, 406, 792, 793, 1278, 1279, 1359, 4494, 4495, 4521, 4522, 5192, 7576, 7588]"
Touristy Ireland,"[60, 77, 811, 1907, 1908, 1913]"
Architectural History Ireland,"[403, 404, 405, 406, 746, 792, 793, 4530, 7576, 7585, 7586, 7588]"
Wanderlust Irland - Galway & Connemara Tour from Dublin,"[270, 271, 272, 273, 274, 277, 278, 279, 281, 288, 289, 291, 293, 297, 298, 301, 302, 621, 4508, 4724, 4725, 6059, 6207, 7591, 7596]"
Wanderlust Irland - Giant’s Causeway Tour From Dublin,"[270, 271, 272, 273, 274, 277, 278, 279, 281, 288, 289, 291, 293, 297, 298, 301, 302, 621, 4508, 4724, 4725, 6059, 6207, 7591, 7596]"
Walkindublin.com,"[317, 318, 319, 320, 325, 326, 328, 329, 333, 334, 335, 336, 337, 340, 342, 345, 346, 347, 349, 403, 404, 792, 793, 1278, 1279, 1358, 1359, 4495, 4521, 4522, 4720, 5192, 7392, 7576, 7581, 7582]"
Vegan Dublin Food Tours by Vegan in Ireland,"[2, 3, 4, 6, 7, 10]"
A Spasso A Dublino - Italian Tour in Dublin,"[399, 400, 405, 406, 408, 494, 495, 2809, 2810, 2905, 7585, 7586, 7587, 7612]"
Irlanda in Italiano,"[354, 355, 395]"
The Round Tower Clondalkin,"[1971, 2112, 2114, 2159, 2160, 2172, 4409, 4664]"
Urban Brewing,"[496, 497, 1500, 2498, 2499, 4415, 4717, 5140, 6252]"
Vaults Live,"[1445, 1938, 1939, 1998, 1999, 2001]"
Guinness Storehouse,"[1939, 1940, 1996, 1997, 1998]"
14 Henrietta Street,"[191, 194, 1614, 1619]"
The Dublin Liberties Distillery,"[308, 309, 1438, 2312, 2313, 2380, 2382, 2386, 2387, 2636, 4854, 5025, 5097, 5099, 7413]"
Roe & Co Whiskey Distillery,"[1940, 1941, 1996, 1997]"
